<metadata xml:lang="en"><Esri><CreaDate>20220320</CreaDate><CreaTime>10345700</CreaTime><ArcGISFormat>1.0</ArcGISFormat><SyncOnce>FALSE</SyncOnce><DataProperties><lineage><Process ToolSource="d:\arcgispro283\Resources\ArcToolbox\toolboxes\Conversion Tools.tbx\FeatureClassToFeatureClass" Date="20220320" Time="103457">FeatureClassToFeatureClass SyntheticData "D:\My Paper\Sptiotemporal regionalization\ST-Regionalization\ST-Regionalization.gdb" SyntheticData1 # "V1 "V1" true true false 8 Double 0 0,First,#,SyntheticData,SyntheticData.V1,-1,-1;V2 "V2" true true false 8 Double 0 0,First,#,SyntheticData,SyntheticData.V2,-1,-1;V3 "V3" true true false 8 Double 0 0,First,#,SyntheticData,SyntheticData.V3,-1,-1;X "X" true true false 4 Long 0 0,First,#,SyntheticData,SyntheticData.X,-1,-1;Y "Y" true true false 4 Long 0 0,First,#,SyntheticData,SyntheticData.Y,-1,-1;Z "Z" true true false 4 Long 0 0,First,#,SyntheticData,SyntheticData.Z,-1,-1;cluster_id "cluster_id" true true false 4 Long 0 0,First,#,SyntheticData,SyntheticData.cluster_id,-1,-1;OBJECTID "OBJECTID" false true false 4 Long 0 9,First,#,SyntheticData,SyntheticData_SpatiallyConstrainedMultivariateClustering.OBJECTID,-1,-1;SOURCE_ID "SOURCE_ID" true true false 4 Long 0 0,First,#,SyntheticData,SyntheticData_SpatiallyConstrainedMultivariateClustering.SOURCE_ID,-1,-1;V1_1 "V1" true true false 8 Double 0 0,First,#,SyntheticData,SyntheticData_SpatiallyConstrainedMultivariateClustering.V1,-1,-1;V2_1 "V2" true true false 8 Double 0 0,First,#,SyntheticData,SyntheticData_SpatiallyConstrainedMultivariateClustering.V2,-1,-1;V3_1 "V3" true true false 8 Double 0 0,First,#,SyntheticData,SyntheticData_SpatiallyConstrainedMultivariateClustering.V3,-1,-1;CLUSTER_ID_1 "Cluster ID" true true false 4 Long 0 0,First,#,SyntheticData,SyntheticData_SpatiallyConstrainedMultivariateClustering.CLUSTER_ID,-1,-1" #</Process><Process ToolSource="d:\arcgispro283\Resources\ArcToolbox\toolboxes\Conversion Tools.tbx\FeatureClassToFeatureClass" Date="20220603" Time="100454">FeatureClassToFeatureClass SyntheticData1 "D:\My Paper\Sptiotemporal regionalization\Data\SyntheticDataset" SyntheticData.shp # "V1 "V1" true true false 8 Double 0 0,First,#,SyntheticData1,V1,-1,-1;V2 "V2" true true false 8 Double 0 0,First,#,SyntheticData1,V2,-1,-1;V3 "V3" true true false 8 Double 0 0,First,#,SyntheticData1,V3,-1,-1;X "X" true true false 4 Long 0 0,First,#,SyntheticData1,X,-1,-1;Y "Y" true true false 4 Long 0 0,First,#,SyntheticData1,Y,-1,-1;Z "Z" true true false 4 Long 0 0,First,#,SyntheticData1,Z,-1,-1;cluster_id "cluster_id" true true false 4 Long 0 0,First,#,SyntheticData1,cluster_id,-1,-1;OBJECTID "OBJECTID" true true false 4 Long 0 0,First,#,SyntheticData1,OBJECTID,-1,-1;SOURCE_ID "SOURCE_ID" true true false 4 Long 0 0,First,#,SyntheticData1,SOURCE_ID,-1,-1;V1_1 "V1" true true false 8 Double 0 0,First,#,SyntheticData1,V1_1,-1,-1;V2_1 "V2" true true false 8 Double 0 0,First,#,SyntheticData1,V2_1,-1,-1;V3_1 "V3" true true false 8 Double 0 0,First,#,SyntheticData1,V3_1,-1,-1;CLUSTER_ID_1 "Cluster ID" true true false 4 Long 0 0,First,#,SyntheticData1,CLUSTER_ID_1,-1,-1" #</Process></lineage><itemProps><itemName Sync="TRUE">SyntheticData</itemName><imsContentType Sync="TRUE">002</imsContentType><itemSize Sync="TRUE">0.000</itemSize><itemLocation><linkage Sync="TRUE">file://\\LAPTOP-I8EBD2BV\D$\My Paper\Sptiotemporal regionalization\Data\SyntheticDataset\SyntheticData.shp</linkage><protocol Sync="TRUE">Local Area Network</protocol></itemLocation></itemProps><coordRef><type Sync="TRUE">Projected</type><geogcsn Sync="TRUE">GCS_WGS_1984</geogcsn><csUnits Sync="TRUE">Linear Unit: Meter (1.000000)</csUnits><projcsn Sync="TRUE">WGS_1984_Web_Mercator_Auxiliary_Sphere</projcsn><peXml Sync="TRUE">&lt;ProjectedCoordinateSystem xsi:type='typens:ProjectedCoordinateSystem' xmlns:xsi='http://www.w3.org/2001/XMLSchema-instance' xmlns:xs='http://www.w3.org/2001/XMLSchema' xmlns:typens='http://www.esri.com/schemas/ArcGIS/2.8.0'&gt;&lt;WKT&gt;PROJCS[&amp;quot;WGS_1984_Web_Mercator_Auxiliary_Sphere&amp;quot;,GEOGCS[&amp;quot;GCS_WGS_1984&amp;quot;,DATUM[&amp;quot;D_WGS_1984&amp;quot;,SPHEROID[&amp;quot;WGS_1984&amp;quot;,6378137.0,298.257223563]],PRIMEM[&amp;quot;Greenwich&amp;quot;,0.0],UNIT[&amp;quot;Degree&amp;quot;,0.0174532925199433]],PROJECTION[&amp;quot;Mercator_Auxiliary_Sphere&amp;quot;],PARAMETER[&amp;quot;False_Easting&amp;quot;,0.0],PARAMETER[&amp;quot;False_Northing&amp;quot;,0.0],PARAMETER[&amp;quot;Central_Meridian&amp;quot;,0.0],PARAMETER[&amp;quot;Standard_Parallel_1&amp;quot;,0.0],PARAMETER[&amp;quot;Auxiliary_Sphere_Type&amp;quot;,0.0],UNIT[&amp;quot;Meter&amp;quot;,1.0],AUTHORITY[&amp;quot;EPSG&amp;quot;,3857]]&lt;/WKT&gt;&lt;XOrigin&gt;-20037700&lt;/XOrigin&gt;&lt;YOrigin&gt;-30241100&lt;/YOrigin&gt;&lt;XYScale&gt;148923141.92838538&lt;/XYScale&gt;&lt;ZOrigin&gt;-100000&lt;/ZOrigin&gt;&lt;ZScale&gt;10000&lt;/ZScale&gt;&lt;MOrigin&gt;-100000&lt;/MOrigin&gt;&lt;MScale&gt;10000&lt;/MScale&gt;&lt;XYTolerance&gt;0.001&lt;/XYTolerance&gt;&lt;ZTolerance&gt;0.001&lt;/ZTolerance&gt;&lt;MTolerance&gt;0.001&lt;/MTolerance&gt;&lt;HighPrecision&gt;true&lt;/HighPrecision&gt;&lt;WKID&gt;102100&lt;/WKID&gt;&lt;LatestWKID&gt;3857&lt;/LatestWKID&gt;&lt;/ProjectedCoordinateSystem&gt;</peXml></coordRef></DataProperties><SyncDate>20220603</SyncDate><SyncTime>10045300</SyncTime><ModDate>20220603</ModDate><ModTime>10045300</ModTime></Esri><dataIdInfo><envirDesc Sync="TRUE">Microsoft Windows 10 Version 10.0 (Build 22000) ; Esri ArcGIS 12.8.3.29751</envirDesc><dataLang><languageCode value="eng" Sync="TRUE"></languageCode><countryCode value="USA" Sync="TRUE"></countryCode></dataLang><idCitation><resTitle Sync="TRUE">SyntheticData</resTitle><presForm><PresFormCd value="005" Sync="TRUE"></PresFormCd></presForm></idCitation><spatRpType><SpatRepTypCd value="001" Sync="TRUE"></SpatRepTypCd></spatRpType></dataIdInfo><mdLang><languageCode value="eng" Sync="TRUE"></languageCode><countryCode value="USA" Sync="TRUE"></countryCode></mdLang><distInfo><distFormat><formatName Sync="TRUE">Shapefile</formatName></distFormat><distTranOps><transSize Sync="TRUE">0.000</transSize></distTranOps></distInfo><mdHrLv><ScopeCd value="005" Sync="TRUE"></ScopeCd></mdHrLv><mdHrLvName Sync="TRUE">dataset</mdHrLvName><refSysInfo><RefSystem><refSysID><identCode code="3857" Sync="TRUE"></identCode><idCodeSpace Sync="TRUE">EPSG</idCodeSpace><idVersion Sync="TRUE">6.18.3(9.3.1.2)</idVersion></refSysID></RefSystem></refSysInfo><spatRepInfo><VectSpatRep><geometObjs Name="SyntheticData"><geoObjTyp><GeoObjTypCd value="004" Sync="TRUE"></GeoObjTypCd></geoObjTyp><geoObjCnt Sync="TRUE">0</geoObjCnt></geometObjs><topLvl><TopoLevCd value="001" Sync="TRUE"></TopoLevCd></topLvl></VectSpatRep></spatRepInfo><spdoinfo><ptvctinf><esriterm Name="SyntheticData"><efeatyp Sync="TRUE">Simple</efeatyp><efeageom code="1" Sync="TRUE"></efeageom><esritopo Sync="TRUE">FALSE</esritopo><efeacnt Sync="TRUE">0</efeacnt><spindex Sync="TRUE">FALSE</spindex><linrefer Sync="TRUE">TRUE</linrefer></esriterm></ptvctinf></spdoinfo><eainfo><detailed Name="SyntheticData"><enttyp><enttypl Sync="TRUE">SyntheticData</enttypl><enttypt Sync="TRUE">Feature Class</enttypt><enttypc Sync="TRUE">0</enttypc></enttyp><attr><attrlabl Sync="TRUE">FID</attrlabl><attalias Sync="TRUE">FID</attalias><attrtype Sync="TRUE">OID</attrtype><attwidth Sync="TRUE">4</attwidth><atprecis Sync="TRUE">0</atprecis><attscale Sync="TRUE">0</attscale><attrdef Sync="TRUE">Internal feature number.</attrdef><attrdefs Sync="TRUE">Esri</attrdefs><attrdomv><udom Sync="TRUE">Sequential unique whole numbers that are automatically generated.</udom></attrdomv></attr><attr><attrlabl Sync="TRUE">Shape</attrlabl><attalias Sync="TRUE">Shape</attalias><attrtype Sync="TRUE">Geometry</attrtype><attwidth Sync="TRUE">0</attwidth><atprecis Sync="TRUE">0</atprecis><attscale Sync="TRUE">0</attscale><attrdef Sync="TRUE">Feature geometry.</attrdef><attrdefs Sync="TRUE">Esri</attrdefs><attrdomv><udom Sync="TRUE">Coordinates defining the features.</udom></attrdomv></attr><attr><attrlabl Sync="TRUE">V1</attrlabl><attalias Sync="TRUE">V1</attalias><attrtype Sync="TRUE">Double</attrtype><attwidth Sync="TRUE">19</attwidth><atprecis Sync="TRUE">0</atprecis><attscale Sync="TRUE">0</attscale></attr><attr><attrlabl Sync="TRUE">V2</attrlabl><attalias Sync="TRUE">V2</attalias><attrtype Sync="TRUE">Double</attrtype><attwidth Sync="TRUE">19</attwidth><atprecis Sync="TRUE">0</atprecis><attscale Sync="TRUE">0</attscale></attr><attr><attrlabl Sync="TRUE">V3</attrlabl><attalias Sync="TRUE">V3</attalias><attrtype Sync="TRUE">Double</attrtype><attwidth Sync="TRUE">19</attwidth><atprecis Sync="TRUE">0</atprecis><attscale Sync="TRUE">0</attscale></attr><attr><attrlabl Sync="TRUE">X</attrlabl><attalias Sync="TRUE">X</attalias><attrtype Sync="TRUE">Integer</attrtype><attwidth Sync="TRUE">10</attwidth><atprecis Sync="TRUE">10</atprecis><attscale Sync="TRUE">0</attscale></attr><attr><attrlabl Sync="TRUE">Y</attrlabl><attalias Sync="TRUE">Y</attalias><attrtype Sync="TRUE">Integer</attrtype><attwidth Sync="TRUE">10</attwidth><atprecis Sync="TRUE">10</atprecis><attscale Sync="TRUE">0</attscale></attr><attr><attrlabl Sync="TRUE">Z</attrlabl><attalias Sync="TRUE">Z</attalias><attrtype Sync="TRUE">Integer</attrtype><attwidth Sync="TRUE">10</attwidth><atprecis Sync="TRUE">10</atprecis><attscale Sync="TRUE">0</attscale></attr><attr><attrlabl Sync="TRUE">cluster_id</attrlabl><attalias Sync="TRUE">cluster_id</attalias><attrtype Sync="TRUE">Integer</attrtype><attwidth Sync="TRUE">10</attwidth><atprecis Sync="TRUE">10</atprecis><attscale Sync="TRUE">0</attscale></attr><attr><attrlabl Sync="TRUE">OBJECTID</attrlabl><attalias Sync="TRUE">OBJECTID</attalias><attrtype Sync="TRUE">Integer</attrtype><attwidth Sync="TRUE">10</attwidth><atprecis Sync="TRUE">10</atprecis><attscale Sync="TRUE">0</attscale></attr><attr><attrlabl Sync="TRUE">SOURCE_ID</attrlabl><attalias Sync="TRUE">SOURCE_ID</attalias><attrtype Sync="TRUE">Integer</attrtype><attwidth Sync="TRUE">10</attwidth><atprecis Sync="TRUE">10</atprecis><attscale Sync="TRUE">0</attscale></attr><attr><attrlabl Sync="TRUE">V1_1</attrlabl><attalias Sync="TRUE">V1_1</attalias><attrtype Sync="TRUE">Double</attrtype><attwidth Sync="TRUE">19</attwidth><atprecis Sync="TRUE">0</atprecis><attscale Sync="TRUE">0</attscale></attr><attr><attrlabl Sync="TRUE">V2_1</attrlabl><attalias Sync="TRUE">V2_1</attalias><attrtype Sync="TRUE">Double</attrtype><attwidth Sync="TRUE">19</attwidth><atprecis Sync="TRUE">0</atprecis><attscale Sync="TRUE">0</attscale></attr><attr><attrlabl Sync="TRUE">V3_1</attrlabl><attalias Sync="TRUE">V3_1</attalias><attrtype Sync="TRUE">Double</attrtype><attwidth Sync="TRUE">19</attwidth><atprecis Sync="TRUE">0</atprecis><attscale Sync="TRUE">0</attscale></attr><attr><attrlabl Sync="TRUE">CLUSTER__1</attrlabl><attalias Sync="TRUE">CLUSTER__1</attalias><attrtype Sync="TRUE">Integer</attrtype><attwidth Sync="TRUE">10</attwidth><atprecis Sync="TRUE">10</atprecis><attscale Sync="TRUE">0</attscale></attr></detailed></eainfo><mdDateSt Sync="TRUE">20220603</mdDateSt></metadata>
